Date,Open,High,Low,Close,Volume
2021-11-12,3485.0,3540.7262,3447.05,3525.15,2689434
2021-11-11,3513.0,3543.24,3467.47,3472.5,2264406
2021-11-10,3563.87,3605.45,3463.09,3482.05,4027422
2021-11-09,3515.25,3593.77,3501.425,3576.23,4294922
2021-11-08,3523.24,3579.0,3487.86,3488.98,3073992
2021-11-05,3477.0,3566.25,3476.98,3518.99,4996951
2021-11-04,3370.0,3498.625,3365.0001,3477.0,5353020
2021-11-03,3309.0,3394.92,3297.52,3384.0,3397189
2021-11-02,3315.01,3331.115,3283.55,3312.75,2627590
2021-11-01,3361.8,3375.86,3292.02,3318.11,3608879
2021-10-29,3300.02,3374.82,3273.32,3372.43,6486077
2021-10-28,3402.095,3479.0,3386.0,3446.57,5708733
2021-10-27,3388.0,3437.0,3371.4534,3392.49,2702224
2021-10-26,3349.51,3416.12,3343.98,3376.07,2698342
2021-10-25,3335.0,3347.7997,3297.7,3320.37,2225956
2021-10-22,3421.0,3429.84,3331.3,3335.55,3139053
2021-10-21,3414.25,3440.28,3403.0,3435.01,1881385
2021-10-20,3452.66,3462.86,3400.37,3415.06,2139777
2021-10-19,3434.29,3454.69,3422.0,3444.15,2386079
2021-10-18,3388.3576,3449.17,3385.1,3446.74,3174115
2021-10-15,3311.42,3410.42,3304.0,3409.02,5179941
2021-10-14,3302.4541,3312.6,3290.78,3299.86,2112020
2021-10-13,3269.71,3288.38,3261.0889,3284.28,2425086
2021-10-12,3257.0,3267.528,3236.28,3247.33,1819571
2021-10-11,3275.0,3292.5899,3238.1,3246.3,2034203
2021-10-08,3317.0,3321.43,3288.2,3288.62,1998217
2021-10-07,3291.54,3325.746,3283.06,3302.43,2409075
2021-10-06,3213.53,3264.34,3198.62,3262.01,2532977
2021-10-05,3204.5,3260.73,3202.464,3221.0,3269208
2021-10-04,3279.39,3279.99,3176.25,3189.78,4523057
2021-10-01,3289.01,3309.1746,3255.94,3283.26,2835617
2021-09-30,3316.0,3327.85,3273.99,3285.04,2847033
2021-09-29,3322.11,3351.3,3297.87,3301.12,2562268
2021-09-28,3357.71,3369.19,3290.1001,3315.96,4430819
2021-09-27,3371.5,3415.57,3339.61,3405.8,3634450
2021-09-24,3402.01,3429.26,3393.4,3425.52,2116241
2021-09-23,3380.05,3428.96,3380.05,3416.0,2379414
2021-09-22,3351.0,3389.0,3341.05,3380.05,2411403
2021-09-21,3375.0,3379.7,3332.39,3343.63,2780878
2021-09-20,3396.0,3419.0,3305.01,3355.73,4669130
2021-09-17,3488.4146,3497.41,3452.13,3462.52,4616556
2021-09-16,3459.96,3492.55,3446.1432,3488.24,2583598
2021-09-15,3442.52,3485.42,3402.01,3475.79,2957537
2021-09-14,3475.55,3486.806,3437.7104,3450.0,1936897
2021-09-13,3482.8,3497.96,3438.0001,3457.17,2569022
2021-09-10,3501.8308,3508.45,3462.9055,3469.15,2397269
2021-09-09,3526.02,3549.99,3480.37,3484.16,2719241
2021-09-08,3511.65,3545.63,3495.67,3525.5,3053364
2021-09-07,3478.0,3528.09,3476.94,3509.29,2741184
2021-09-03,3452.0,3482.67,3436.44,3478.05,2578324
2021-09-02,3494.76,3511.9608,3455.0,3463.12,2925594
2021-09-01,3496.396,3527.0,3475.24,3479.0,3629911
2021-08-31,3424.8,3472.58,3395.59,3470.79,4356413
2021-08-30,3357.425,3445.0,3355.22,3421.57,3192244
2021-08-27,3333.23,3352.32,3313.75,3349.63,2402369
2021-08-26,3299.0,3332.0,3296.0,3316.0,2098761
2021-08-25,3309.87,3321.0,3286.15,3299.18,1680306
2021-08-24,3280.0,3315.4942,3274.58,3305.78,2551841
2021-08-23,3211.9,3280.9,3210.005,3265.87,3268131
2021-08-20,3203.8725,3207.81,3175.76,3199.95,3358428
2021-08-19,3194.02,3233.0,3182.4637,3187.75,3782862
2021-08-18,3241.99,3254.0975,3200.0,3201.22,2804311
2021-08-17,3277.5,3280.49,3225.68,3241.96,3387922
2021-08-16,3283.0,3300.0,3211.13,3298.99,3328494
2021-08-13,3305.67,3306.065,3283.0,3293.97,2056699
2021-08-12,3290.0,3314.51,3269.67,3303.5,2323823
2021-08-11,3331.4469,3337.7,3277.79,3292.11,2947249
2021-08-10,3345.01,3358.0,3315.0,3320.68,2412551
2021-08-09,3343.61,3354.88,3328.52,3341.87,2148220
2021-08-06,3375.0,3375.0,3329.0373,3344.94,2637644
2021-08-05,3356.22,3389.0,3340.92,3375.99,2433503
2021-08-04,3379.35,3388.88,3345.56,3354.72,2183945
2021-08-03,3340.72,3391.0,3299.77,3366.24,4157343
2021-08-02,3353.1,3358.92,3317.0,3331.48,3353915
2021-07-30,3347.95,3368.14,3306.98,3327.59,9965593
2021-07-29,3627.75,3637.95,3580.01,3599.92,5519952
2021-07-28,3633.78,3658.4204,3601.0,3630.32,2999378
2021-07-27,3698.5,3698.5,3586.15,3626.39,4131890
2021-07-26,3673.17,3712.08,3647.25,3699.82,2900068
2021-07-23,3640.0,3666.11,3622.04,3656.64,2436292
2021-07-22,3587.23,3640.02,3582.27,3638.03,3265352
2021-07-21,3576.375,3586.45,3543.6415,3585.2,2318989
2021-07-20,3567.32,3592.0,3518.0,3573.19,3255680
2021-07-19,3532.58,3550.21,3499.16,3549.59,3784595
2021-07-16,3633.31,3646.0599,3570.455,3573.63,4043706
2021-07-15,3694.2,3695.4,3620.92,3631.2,3185292
2021-07-14,3708.85,3717.66,3660.8266,3681.68,3296568
2021-07-13,3702.1,3773.0782,3671.32,3677.36,3845917
2021-07-12,3744.0,3757.2899,3696.7929,3718.55,2571635
2021-07-09,3722.52,3748.0,3693.3968,3719.34,3748237
2021-07-08,3643.56,3759.9855,3621.12,3731.41,5180623
2021-07-07,3717.3772,3734.2,3678.91,3696.58,5328062
2021-07-06,3530.11,3685.48,3529.0,3675.74,6744768
2021-07-02,3451.64,3511.72,3436.92,3510.98,3176697
2021-07-01,3434.61,3457.0,3409.4206,3432.97,2037053
2021-06-30,3441.06,3471.6019,3435.0,3440.16,2403992
2021-06-29,3438.82,3456.03,3423.03,3448.14,2098439
2021-06-28,3416.0,3448.0,3413.5098,3443.89,2242793
2021-06-25,3464.0,3464.82,3394.18,3401.46,3940997
2021-06-24,3507.64,3524.8599,3430.85,3449.08,3831999
2021-06-23,3505.0,3521.0,3483.2,3503.82,2813341
2021-06-22,3458.06,3523.78,3456.09,3505.44,3345082
2021-06-21,3476.42,3482.0,3434.0,3453.96,3277130
2021-06-18,3479.99,3507.0,3473.71,3486.9,5247737
2021-06-17,3403.18,3497.2,3401.0,3489.24,5136531
2021-06-16,3392.0,3426.35,3360.53,3415.25,4202782
2021-06-15,3384.0,3396.9866,3363.1101,3383.13,2426200
2021-06-14,3346.83,3385.0,3335.5,3383.87,2569655
2021-06-11,3349.65,3366.58,3333.45,3346.83,2817352
2021-06-10,3282.01,3351.0,3281.15,3349.65,3476480
2021-06-09,3272.87,3297.58,3270.7,3281.15,2455530
2021-06-08,3222.61,3279.5321,3218.01,3264.11,3416730
2021-06-07,3197.33,3208.0,3172.2,3198.01,2215756
2021-06-04,3212.0,3221.0,3198.81,3206.22,2249749
2021-06-03,3204.23,3214.435,3184.03,3187.01,2398293
2021-06-02,3223.1,3235.0,3208.0,3233.99,2014524
2021-06-01,3243.495,3250.98,3209.06,3218.65,2430045
2021-05-28,3242.0,3247.99,3219.7,3223.07,2331509
2021-05-27,3256.0,3260.355,3230.04,3230.11,2561157
2021-05-26,3274.5905,3295.73,3258.51,3265.16,2383986
2021-05-25,3266.67,3279.82,3213.76,3259.05,3261109
2021-05-24,3215.5,3257.95,3210.4993,3244.99,2422813
2021-05-21,3250.0,3256.6946,3197.01,3203.08,4104882
2021-05-20,3244.4042,3259.6799,3236.18,3247.68,2633192
2021-05-19,3195.0,3234.75,3184.0,3231.8,2679708
2021-05-18,3292.575,3312.0,3230.37,3232.28,2828391
2021-05-17,3245.93,3292.75,3234.59,3270.39,3723925
2021-05-14,3185.56,3228.86,3183.0,3222.9,3325022
2021-05-13,3185.47,3203.84,3133.0,3161.47,3356877
2021-05-12,3185.0,3207.94,3133.1,3151.94,4936410
2021-05-11,3136.28,3238.0,3127.37,3223.91,4619781
2021-05-10,3282.32,3283.0,3190.0,3190.49,5838603
2021-05-07,3319.09,3330.89,3289.0704,3291.61,4710276
2021-05-06,3270.0,3314.4,3247.2,3306.37,4447696
2021-05-05,3338.855,3354.695,3264.36,3270.54,3711308
2021-05-04,3356.19,3367.975,3272.13,3311.87,5439449
2021-05-03,3484.73,3486.645,3372.7012,3386.49,5875530
2021-04-30,3525.12,3554.0,3462.5,3467.42,7009346
2021-04-29,3505.0981,3514.445,3435.0,3471.31,7682381
2021-04-28,3434.8,3489.88,3425.0,3458.5,4631884
2021-04-27,3443.47,3460.0,3398.01,3417.43,3827140
2021-04-26,3348.0,3428.45,3330.94,3409.0,4880708
2021-04-23,3319.1,3375.0,3308.5,3340.88,3196652
2021-04-22,3371.68,3372.87,3301.45,3309.04,2580590
2021-04-21,3316.0,3362.86,3303.8061,3362.02,2211166
2021-04-20,3373.6,3382.99,3316.0,3334.69,2623032
2021-04-19,3390.33,3435.9333,3360.16,3372.01,2725405
2021-04-16,3380.0,3406.8,3355.59,3399.44,3186049
2021-04-15,3371.0,3396.9999,3352.0,3379.09,3233580
2021-04-14,3404.04,3404.13,3326.0,3333.0,3145204
2021-04-13,3400.845,3432.0,3395.63,3400.0,3315837
2021-04-12,3355.21,3395.04,3351.15,3379.39,3281798
2021-04-09,3304.7,3372.2,3288.9,3372.2,4341473
2021-04-08,3310.9,3324.5,3292.0,3299.3,2812090
2021-04-07,3233.8,3303.6125,3223.65,3279.39,3346227
2021-04-06,3223.75,3247.31,3217.04,3223.82,2537809
2021-04-05,3173.0,3235.955,3161.24,3226.73,3334882
2021-04-01,3117.94,3162.44,3115.55,3161.0,2940318
2021-03-31,3064.06,3119.33,3062.5,3094.08,3093896
2021-03-30,3070.01,3073.0,3034.0,3055.29,2337603
2021-03-29,3055.4394,3091.25,3028.445,3075.73,2745968
2021-03-26,3044.06,3056.66,2996.0,3052.03,3312924
2021-03-25,3072.99,3109.78,3037.14,3046.26,3563469
2021-03-24,3151.04,3160.31,3085.15,3087.07,2958981
2021-03-23,3127.0,3182.0,3120.8501,3137.5,3817263
2021-03-22,3067.85,3126.58,3060.05,3110.87,2902179
2021-03-19,3029.23,3077.285,3016.63,3074.96,4625354
2021-03-18,3101.0,3116.63,3025.0,3027.99,3657027
2021-03-17,3073.22,3173.05,3070.22,3135.73,3118584
2021-03-16,3104.97,3128.91,3075.8601,3091.86,2538764
2021-03-15,3074.57,3082.24,3032.09,3081.68,2918592
2021-03-12,3075.0,3098.98,3045.5,3089.49,2421888
2021-03-11,3104.01,3131.7843,3082.93,3113.59,2776391
2021-03-10,3098.45,3116.46,3030.05,3057.64,3012489
2021-03-09,3017.99,3090.96,3005.1474,3062.85,4030032
2021-03-08,3015.0,3064.59,2951.31,2951.95,4185008
2021-03-05,3005.0,3009.0,2881.0001,3000.46,5388551
2021-03-04,3012.0,3058.13,2945.43,2977.57,5481578
2021-03-03,3081.18,3107.775,2995.0,3005.0,3988725
2021-03-02,3143.47,3163.52,3087.1201,3094.53,2595762
2021-03-01,3127.89,3149.56,3097.99,3146.14,2733963
2021-02-26,3095.2,3122.44,3036.7,3092.93,4275930
2021-02-25,3136.74,3178.26,3047.76,3057.16,4533801
2021-02-24,3166.75,3171.23,3125.38,3159.53,3011275
2021-02-23,3131.02,3204.73,3093.6,3194.5,4667401
2021-02-22,3208.13,3232.3199,3172.26,3180.74,3515679
2021-02-19,3328.23,3333.5,3245.75,3249.9,4305184
2021-02-18,3282.42,3338.0,3273.94,3328.23,3033607
2021-02-17,3263.6,3320.91,3259.4996,3308.64,3302099
2021-02-16,3254.05,3308.3,3253.591,3268.95,2574721
2021-02-12,3250.0,3280.25,3233.31,3277.71,2335339
2021-02-11,3292.0,3292.0,3248.06,3262.13,2301417
2021-02-10,3314.0,3317.9548,3254.0,3286.58,3151550
2021-02-09,3312.49,3338.0,3297.84,3305.0,2203526
2021-02-08,3358.5,3364.9999,3304.0,3322.94,3257391
2021-02-05,3319.0,3377.0,3302.71,3352.15,3620808
2021-02-04,3330.0,3347.0,3277.75,3331.0,3670661
2021-02-03,3425.01,3434.0,3308.62,3312.53,7088781
2021-02-02,3380.0,3427.74,3361.125,3380.0,7098637
2021-02-01,3242.36,3350.26,3235.025,3342.88,4160212
2021-01-29,3230.0,3236.99,3184.55,3206.2,4293556
2021-01-28,3235.04,3301.68,3228.69,3237.62,3149228
2021-01-27,3341.49,3346.52,3207.08,3232.58,4660158
2021-01-26,3296.3559,3338.0,3282.87,3326.13,2955235
2021-01-25,3328.5,3363.89,3243.1463,3294.0,3749758
2021-01-22,3304.31,3321.91,3283.1644,3292.23,2821914
2021-01-21,3293.0,3348.55,3289.5675,3306.99,4945051
2021-01-20,3181.99,3279.8,3175.0,3263.38,5309835
2021-01-19,3107.0,3145.0,3096.0,3120.76,3305142
2021-01-15,3123.02,3142.545,3095.17,3104.25,4243995
2021-01-14,3167.52,3177.9999,3120.59,3127.47,3070919
2021-01-13,3128.44,3189.95,3122.08,3165.89,3321244
2021-01-12,3120.0,3142.1418,3086.0,3120.83,3514582
2021-01-11,3148.01,3156.3841,3110.0,3114.21,3669095
2021-01-08,3180.0,3190.64,3142.2,3182.7,3537744
2021-01-07,3157.0,3208.542,3155.0,3162.16,3514545
2021-01-06,3146.48,3197.509,3131.16,3138.38,4394815
2021-01-05,3166.01,3223.38,3165.06,3218.51,2655548
2021-01-04,3270.0,3272.0,3144.02,3186.63,4411449
2020-12-31,3275.0,3282.9219,3241.2,3256.93,2957206
2020-12-30,3341.0,3342.1,3282.47,3285.85,3209310
2020-12-29,3309.94,3350.65,3281.223,3322.0,4872933
2020-12-28,3194.0,3304.0,3172.69,3283.96,5686787
2020-12-24,3193.9,3202.0,3169.0,3172.69,1451917
2020-12-23,3205.0,3210.13,3184.17,3185.27,2093787
2020-12-22,3202.8434,3222.0,3180.08,3206.52,2381781
2020-12-21,3200.01,3226.9666,3166.0,3206.18,3836846
2020-12-18,3243.99,3249.42,3171.6,3201.65,5995713
2020-12-17,3250.0,3263.51,3221.0,3236.08,3474347
2020-12-16,3176.01,3247.0,3163.68,3240.96,4427616
2020-12-15,3181.01,3188.4999,3130.49,3165.12,3323686
2020-12-14,3143.0,3190.47,3126.0,3156.97,4155794
2020-12-11,3096.66,3118.67,3072.82,3116.42,3064695
2020-12-10,3088.99,3142.1,3076.0,3101.49,3030179
2020-12-09,3167.89,3174.43,3088.0,3104.2,4096259
2020-12-08,3158.9,3184.13,3120.02,3177.29,3279049
2020-12-07,3156.48,3180.76,3141.69,3158.0,2745875
2020-12-04,3162.58,3198.21,3158.76,3162.58,2913611
2020-12-03,3205.46,3228.64,3181.31,3186.73,2892039
2020-12-02,3221.65,3232.0,3173.2601,3203.53,3129304
2020-12-01,3188.5,3248.95,3157.18,3220.08,4544382
2020-11-30,3208.48,3228.39,3125.55,3168.04,4063916
2020-11-27,3211.26,3216.19,3190.05,3195.34,2392867
2020-11-25,3141.87,3198.0,3140.26,3185.07,3790403
2020-11-24,3100.5,3134.25,3086.258,3118.06,3602102
2020-11-23,3116.6986,3139.745,3065.46,3098.39,4708887
2020-11-20,3117.02,3132.89,3098.0456,3099.4,3380138
2020-11-19,3105.31,3125.0,3080.92,3117.02,3010270
2020-11-18,3134.0,3140.0,3105.1,3105.46,2916836
2020-11-17,3183.5445,3189.25,3135.26,3135.66,3444735
2020-11-16,3093.2,3142.7,3072.685,3131.06,3808676
2020-11-13,3122.0,3141.7227,3085.39,3128.81,3762587
2020-11-12,3159.95,3175.88,3086.05,3110.28,4371208
2020-11-11,3061.78,3139.145,3050.0,3137.39,4366923
2020-11-10,3095.02,3114.0,3019.4828,3035.02,6590956
2020-11-09,3231.03,3289.0,3112.1057,3143.74,7190406
2020-11-06,3304.64,3322.0,3232.0,3311.37,4647330
2020-11-05,3319.97,3366.8,3288.88,3322.0,5789285
2020-11-04,3159.99,3244.85,3139.73,3241.16,6839041
2020-11-03,3018.53,3074.9,2980.98,3048.41,4897880
2020-11-02,3061.74,3079.705,2950.12,3004.48,7257350
2020-10-30,3157.75,3167.004,3019.0,3036.15,8396081
2020-10-29,3201.27,3257.25,3164.0,3211.01,6596529
2020-10-28,3249.3,3264.02,3162.47,3162.78,5588330
2020-10-27,3224.94,3291.66,3211.3,3286.33,4291047
2020-10-26,3198.74,3282.9799,3153.3,3207.04,5901151
2020-10-23,3191.0,3205.33,3140.0,3204.4,3466687
2020-10-22,3189.87,3198.75,3121.94,3176.4,4212005
2020-10-21,3212.5,3233.875,3160.0,3184.94,4592736
2020-10-20,3222.28,3266.0,3192.01,3217.01,4509678
2020-10-19,3299.61,3329.0,3192.735,3207.21,5223626
2020-10-16,3363.23,3399.6606,3160.0,3272.71,6474353
2020-10-15,3292.01,3355.88,3280.0,3338.65,5223448
2020-10-14,3447.0,3464.88,3340.0,3363.71,5828916
2020-10-13,3467.99,3492.38,3424.217,3443.63,5744697
2020-10-12,3349.94,3496.24,3339.55,3442.93,8364198
2020-10-09,3210.0,3288.99,3197.83,3286.65,4907871
2020-10-08,3224.99,3233.2944,3174.99,3190.55,3174114
2020-10-07,3135.0,3200.0,3132.385,3195.69,4309439
2020-10-06,3165.0,3182.0,3090.0,3099.96,5086857
2020-10-05,3145.84,3202.53,3140.85,3199.2,3775332
2020-10-02,3153.63,3195.7965,3123.0,3125.0,5613098
2020-10-01,3208.0,3224.0,3172.0,3221.26,4971922
2020-09-30,3141.14,3212.88,3133.99,3148.73,4896101
2020-09-29,3175.39,3188.26,3132.54,3144.88,3503398
2020-09-28,3148.85,3175.04,3117.1684,3174.05,4224165
2020-09-25,3054.86,3101.54,2999.0,3095.13,4615202
2020-09-24,2977.79,3069.3,2965.0,3019.79,5529392
2020-09-23,3120.43,3126.999,2992.3759,2999.86,5652665
2020-09-22,3033.835,3133.99,3000.2,3128.99,6948816
2020-09-21,2906.5,2962.0,2871.0,2960.47,6117925
2020-09-18,3031.74,3037.8,2905.54,2954.91,8892580
2020-09-17,3009.25,3029.432,2972.55,3008.73,6449050
2020-09-16,3179.99,3187.238,3074.15,3078.1,4531189
2020-09-15,3136.16,3175.02,3108.92,3156.13,4021535
2020-09-14,3172.9372,3187.39,3096.0,3102.97,4529596
2020-09-11,3208.69,3217.3409,3083.98,3116.22,5093982
2020-09-10,3307.2188,3349.89,3170.55,3175.11,5330741
2020-09-09,3202.99,3303.175,3185.0,3268.61,5188675
2020-09-08,3144.0,3250.845,3130.0,3149.84,6094205
2020-09-04,3318.0,3381.5,3111.13,3294.62,8781754
2020-09-03,3485.0,3488.41,3303.0,3368.0,8161113
2020-09-02,3547.0,3552.25,3486.685,3531.45,3931476
2020-09-01,3489.58,3513.87,3467.0,3499.12,3476407
2020-08-31,3408.99,3495.0,3405.0,3450.96,4185885
2020-08-28,3423.0,3433.3699,3386.5,3401.8,2896978
2020-08-27,3450.05,3453.0,3378.0,3400.0,4264795
2020-08-26,3351.11,3451.7387,3344.5675,3441.85,6508743
2020-08-25,3294.99,3357.4,3267.0,3346.49,3992842
2020-08-24,3310.15,3380.315,3257.5608,3307.46,4666258
2020-08-21,3295.0,3314.3962,3275.39,3284.72,3575862
2020-08-20,3252.0,3312.62,3238.0,3297.37,3332478
2020-08-19,3303.01,3315.9,3256.0001,3260.48,4185137
2020-08-18,3212.0,3320.0,3205.8187,3312.49,5345974
2020-08-17,3173.12,3194.97,3154.1775,3182.41,2691237
2020-08-14,3178.18,3178.2357,3120.0,3148.02,2751723
2020-08-13,3182.99,3217.5211,3155.0,3161.02,3149043
2020-08-12,3108.0,3174.385,3101.42,3162.24,3527229
2020-08-11,3113.2,3159.22,3073.0,3080.67,3718057
2020-08-10,3170.31,3172.51,3101.52,3148.16,3167274
2020-08-07,3224.01,3240.81,3140.6726,3167.46,3936127
2020-08-06,3194.36,3247.47,3165.43,3225.0,3940602
2020-08-05,3143.77,3213.5859,3127.3,3205.03,3930025
2020-08-04,3101.21,3167.24,3101.21,3138.83,4694294
2020-08-03,3180.51,3184.0,3104.0,3111.89,5074663
2020-07-31,3244.0,3246.82,3151.0,3164.68,8083369
2020-07-30,3014.0,3092.0,3005.0,3051.88,6128265
2020-07-29,3030.99,3039.1592,2996.77,3033.53,2974060
2020-07-28,3054.27,3077.0926,2995.76,3000.33,3126651
2020-07-27,3062.0,3098.0,3015.77,3055.21,4170492
2020-07-24,2930.0,3031.58,2888.0,3008.91,5632413
2020-07-23,3098.2713,3098.2713,2970.0,2986.55,5656906
2020-07-22,3125.0,3149.9999,3065.26,3099.91,4104225
2020-07-21,3232.49,3240.5758,3105.72,3138.29,6134965
2020-07-20,3000.2,3201.3599,2994.0172,3196.84,7598176
2020-07-17,3009.0,3024.0,2948.45,2961.97,4761319
2020-07-16,2971.06,3032.0,2918.23,2999.9,6394246
2020-07-15,3080.23,3098.35,2973.1801,3008.87,5788874
2020-07-14,3089.0,3127.38,2950.0,3084.0,7231933
2020-07-13,3251.06,3344.29,3068.3901,3104.0,7720420
2020-07-10,3191.76,3215.0,3135.7,3200.0,5485982
2020-07-09,3115.99,3193.8799,3074.0016,3182.63,6388659
2020-07-08,3022.61,3083.97,3012.4301,3081.11,5037635
2020-07-07,3058.55,3069.55,2990.0,3000.12,5257514
2020-07-06,2934.97,3059.88,2930.0,3057.04,6880642
2020-07-02,2912.01,2955.56,2871.1021,2890.3,6593387
2020-07-01,2757.99,2895.0,2754.0,2878.7,6363439
2020-06-30,2685.065,2769.63,2675.03,2758.82,3769686
2020-06-29,2690.01,2696.8,2630.08,2680.38,4223422
2020-06-26,2775.056,2782.5688,2688.0,2692.87,6500784
2020-06-25,2739.55,2756.23,2712.14,2754.58,2968657
2020-06-24,2780.0,2796.0,2721.0,2734.4,4526605
2020-06-23,2726.02,2783.11,2718.04,2764.41,4231707
2020-06-22,2684.5,2715.0,2669.0,2713.82,3208780
2020-06-19,2678.08,2697.43,2659.0,2675.01,5776963
2020-06-18,2647.01,2659.64,2636.11,2653.98,2487774
2020-06-17,2647.5,2655.0,2631.82,2640.98,2959316
2020-06-16,2620.0,2620.0,2576.0,2615.27,3595649
2020-06-15,2526.6,2584.0,2508.0001,2572.68,3873335
2020-06-12,2601.21,2621.4766,2503.35,2545.02,5436127
2020-06-11,2603.5,2671.38,2536.23,2557.96,5800107
2020-06-10,2645.0,2722.35,2626.26,2647.45,4946031
2020-06-09,2529.44,2626.43,2525.0,2600.86,5175950
2020-06-08,2500.2,2530.0,2487.335,2524.06,3970654
2020-06-05,2444.51,2488.645,2437.13,2483.0,3306445
2020-06-04,2477.43,2507.54,2450.01,2460.6,2948710
2020-06-03,2468.01,2488.0,2461.17,2478.4,2671024
2020-06-02,2467.0,2473.53,2445.31,2472.41,2529903
2020-06-01,2448.0,2476.93,2444.17,2471.04,2938032
2020-05-29,2415.94,2442.37,2398.1973,2442.37,3529329
2020-05-28,2384.33,2436.9699,2378.23,2401.1,3193136
2020-05-27,2404.99,2413.58,2330.0,2410.39,5056945
2020-05-26,2458.0,2462.0,2414.06,2421.86,3568153
2020-05-22,2455.01,2469.85,2430.13,2436.88,2867079
2020-05-21,2500.0,2525.45,2442.54,2446.74,5114403
2020-05-20,2477.87,2500.01,2467.27,2497.94,3998143
2020-05-19,2429.83,2484.995,2428.97,2449.33,4320498
2020-05-18,2404.3456,2433.0,2384.01,2426.26,4366572
2020-05-15,2368.52,2411.0,2356.37,2409.78,4234951
2020-05-14,2361.01,2391.37,2353.21,2388.85,3648128
2020-05-13,2366.8,2407.7,2337.805,2367.92,4782919
2020-05-12,2411.85,2418.9999,2355.0,2356.95,3074916
2020-05-11,2374.7,2419.665,2372.11,2409.0,3259231
2020-05-08,2372.14,2387.2449,2357.0,2379.61,3211228
2020-05-07,2374.78,2376.0,2343.11,2367.61,3396411
2020-05-06,2329.44,2357.45,2320.0,2351.26,3117814
2020-05-05,2340.0,2351.0,2307.1251,2317.8,3242496
2020-05-04,2256.38,2326.98,2256.38,2315.99,4865926
2020-05-01,2336.8,2362.44,2258.1901,2286.04,9772605
2020-04-30,2419.84,2475.0,2396.01,2474.0,9534611
2020-04-29,2330.01,2391.89,2310.0,2372.71,4591593
2020-04-28,2372.1,2373.5,2306.0,2314.08,5269446
2020-04-27,2443.2,2444.88,2363.0,2376.0,5645645
2020-04-24,2417.0,2420.4332,2382.0,2410.22,3831797
2020-04-23,2399.98,2424.22,2382.08,2399.45,5066552
2020-04-22,2369.0,2394.0,2351.0,2363.49,4218295
2020-04-21,2416.61,2428.3099,2279.66,2328.12,7476679
2020-04-20,2389.95,2444.98,2386.05,2393.61,5770694
2020-04-17,2372.33,2400.0,2316.02,2375.0,7930010
2020-04-16,2346.0,2460.9981,2335.0,2408.19,12038201
2020-04-15,2257.68,2333.369,2245.0,2307.68,6866567
2020-04-14,2200.47,2292.0,2186.21,2283.32,8087193
2020-04-13,2040.0,2180.0,2038.0,2168.87,6716709
2020-04-09,2044.3,2053.0,2017.66,2042.76,4655617
2020-04-08,2021.0,2044.0,2011.15,2043.0,3977313
2020-04-07,2017.11,2035.72,1997.62,2011.6,5113983
2020-04-06,1936.0,1998.52,1930.02,1997.59,5773181
2020-04-03,1911.15,1926.33,1889.15,1906.59,3609870
2020-04-02,1901.64,1927.5258,1890.0,1918.83,4335985
2020-04-01,1932.97,1944.96,1893.0,1907.7,4121875
2020-03-31,1964.35,1993.02,1944.01,1949.72,5123626
2020-03-30,1922.83,1973.63,1912.34,1963.95,6126087
2020-03-27,1930.86,1939.79,1899.92,1900.1,5387897
2020-03-26,1902.0,1956.49,1889.29,1955.49,6235118
2020-03-25,1920.69,1950.26,1885.78,1885.84,6479073
2020-03-24,1951.495,1955.0,1900.3403,1940.1,7147080
2020-03-23,1827.75,1919.4,1812.0,1902.83,7808489
2020-03-20,1926.31,1957.0,1820.73,1846.09,9817850
2020-03-19,1860.0,1945.0,1832.65,1880.93,10399943
2020-03-18,1750.0,1841.66,1745.0,1830.0,9645218
2020-03-17,1775.47,1857.775,1689.2402,1807.84,10917129
2020-03-16,1641.51,1759.4519,1626.0318,1689.15,8917265
2020-03-13,1755.0,1786.31,1680.62,1785.0,8809725
2020-03-12,1721.98,1765.0,1675.0,1676.61,11346214
2020-03-11,1857.85,1871.3194,1801.5,1820.86,5646831
2020-03-10,1870.88,1894.27,1818.17,1891.82,7133310
2020-03-09,1773.86,1862.77,1761.2901,1800.61,7813232
2020-03-06,1875.0,1910.87,1869.5,1901.09,5273580
2020-03-05,1933.0,1960.72,1910.0,1924.03,4748210
2020-03-04,1946.57,1978.0,1922.0,1975.83,4772919
2020-03-03,1975.37,1996.33,1888.09,1908.99,7534491
2020-03-02,1909.52,1954.51,1870.0,1953.95,6761651
2020-02-28,1814.59,1889.76,1811.13,1883.75,9493797
2020-02-27,1934.38,1975.0,1882.76,1884.3,8143993
2020-02-26,1970.28,2014.67,1960.45,1979.59,5240402
2020-02-25,2026.42,2034.6,1958.42,1972.74,6219094
2020-02-24,2003.18,2039.3,1987.97,2009.29,6546997
2020-02-21,2142.15,2144.55,2088.0,2095.97,4650740
2020-02-20,2173.07,2176.79,2127.45,2153.1,3131342
2020-02-19,2167.8,2185.1,2161.12,2170.22,2561165
2020-02-18,2125.02,2166.07,2124.11,2155.67,2951070
2020-02-14,2155.68,2159.04,2125.89,2134.87,2606169
2020-02-13,2144.99,2170.28,2142.0,2149.87,3031791
2020-02-12,2163.2,2180.25,2155.29,2160.0,3334264
2020-02-11,2150.9,2185.95,2136.0,2150.8,5746011
2020-02-10,2085.01,2135.6,2084.96,2133.91,5056235
2020-02-07,2041.99,2098.53,2038.1,2079.28,5095347
2020-02-06,2041.02,2056.3,2024.8,2050.23,3182954
2020-02-05,2071.02,2071.02,2032.0,2039.87,4376174
2020-02-04,2029.88,2059.8,2015.37,2049.67,5289338
2020-02-03,2010.6,2048.5,2000.25,2004.2,5899094
2020-01-31,2051.47,2055.72,2002.27,2008.72,15567283
2020-01-30,1858.0,1872.87,1850.61,1870.68,6327438
2020-01-29,1864.0,1874.75,1855.02,1858.0,2101390
2020-01-28,1840.5,1858.11,1830.02,1853.25,2808040
2020-01-27,1820.0,1841.0,1815.34,1828.34,3528509
2020-01-24,1891.37,1894.99,1847.44,1861.64,3766181
2020-01-23,1885.11,1889.98,1872.76,1884.58,2484613
2020-01-22,1896.09,1902.5,1883.34,1887.46,3216257
2020-01-21,1865.0,1894.27,1860.0,1892.0,3707785
2020-01-17,1885.89,1886.64,1857.25,1864.72,3997340
2020-01-16,1882.99,1885.59,1866.02,1877.94,2659493
2020-01-15,1872.25,1878.86,1855.09,1862.02,2896592
2020-01-14,1885.88,1887.11,1858.55,1869.44,3446381
2020-01-13,1891.31,1898.0,1880.8,1891.3,2785844
2020-01-10,1905.37,1906.94,1880.0,1883.16,2856959
2020-01-09,1909.89,1917.82,1895.8,1901.05,3174962
2020-01-08,1898.04,1911.0,1886.44,1891.97,3511966
2020-01-07,1904.5,1913.89,1892.04,1906.86,4134010
2020-01-06,1860.0,1903.69,1860.0,1902.88,4065698
2020-01-03,1864.5,1886.2,1864.5,1874.97,3766604
2020-01-02,1875.0,1898.01,1864.15,1898.01,4035910
2019-12-31,1842.0,1853.26,1832.23,1847.84,2510380
2019-12-30,1874.0,1884.0,1840.62,1846.89,3677306
2019-12-27,1882.92,1901.4,1866.01,1869.8,6188754
2019-12-26,1801.01,1870.46,1799.5,1868.77,6024608
2019-12-24,1793.81,1795.57,1787.58,1789.21,881337
2019-12-23,1788.26,1793.0,1784.51,1793.0,2137493
2019-12-20,1799.62,1802.97,1782.45,1786.5,5152460
2019-12-19,1780.5,1792.99,1774.06,1792.28,2738320
2019-12-18,1795.02,1798.2,1782.36,1784.03,3354137
2019-12-17,1778.01,1792.0,1777.39,1790.66,3646697
2019-12-16,1767.0,1769.5,1757.05,1769.21,3149345
2019-12-13,1765.0,1768.99,1755.0,1760.94,2747909
2019-12-12,1750.0,1764.0,1745.44,1760.33,3103949
2019-12-11,1741.67,1750.0,1735.71,1748.72,2101318
2019-12-10,1747.4,1750.67,1735.0,1739.21,2515644
2019-12-09,1750.66,1766.89,1745.61,1749.42,2502489
2019-12-06,1751.2,1754.4,1740.13,1751.6,3119979
2019-12-05,1763.5,1763.5,1740.0,1740.48,2827852
2019-12-04,1774.01,1789.09,1760.22,1760.69,2680700
2019-12-03,1760.0,1772.87,1747.23,1769.96,3529582
2019-12-02,1804.4,1805.55,1762.68,1781.6,3931750
2019-11-29,1817.78,1824.69,1800.79,1800.8,1923440
2019-11-27,1801.0,1824.5,1797.31,1818.51,3023355
2019-11-26,1779.92,1797.03,1778.35,1796.94,3190428
2019-11-25,1753.25,1777.42,1753.24,1773.84,3489467
2019-11-22,1739.02,1746.43,1731.0,1745.72,2479081
2019-11-21,1743.0,1746.87,1730.36,1734.71,2662938
2019-11-20,1749.14,1762.52,1734.12,1745.53,2793759
2019-11-19,1756.99,1760.68,1743.03,1752.79,2274535
2019-11-18,1738.3,1753.7,1722.71,1752.53,2841907
2019-11-15,1760.05,1761.68,1732.86,1739.49,3931141
2019-11-14,1751.43,1766.59,1749.56,1754.6,2269417
2019-11-13,1773.39,1775.0,1747.32,1753.11,2926892
2019-11-12,1774.66,1786.22,1771.91,1778.0,2038925
2019-11-11,1778.0,1780.0,1767.13,1771.65,1947810
2019-11-08,1787.89,1789.88,1774.04,1785.88,2126198
2019-11-07,1803.76,1805.9,1783.48,1788.2,2651086
2019-11-06,1801.0,1802.5,1788.58,1795.77,2029783
2019-11-05,1809.16,1810.25,1794.0,1801.71,1885543
2019-11-04,1801.01,1815.06,1801.01,1804.66,2771922
2019-11-01,1788.01,1797.45,1785.21,1791.44,2790354
2019-10-31,1775.99,1792.0,1771.48,1776.66,2781185
2019-10-30,1760.24,1782.38,1759.12,1779.99,2449405
2019-10-29,1774.81,1777.0,1755.81,1762.71,2276855
2019-10-28,1748.06,1778.7,1742.5,1777.08,3708851
2019-10-25,1697.55,1764.21,1695.0,1761.33,9626402
2019-10-24,1771.09,1788.34,1760.27,1780.78,5204350
2019-10-23,1761.3,1770.05,1742.0,1762.17,2190380
2019-10-22,1788.15,1789.78,1762.0,1765.73,2234425
2019-10-21,1769.66,1785.88,1765.0,1785.66,2224902
2019-10-18,1787.8,1793.98,1749.2,1757.51,3366091
2019-10-17,1796.49,1798.85,1782.02,1787.48,2713773
2019-10-16,1773.33,1786.24,1770.52,1777.43,2804068
2019-10-15,1742.14,1776.45,1740.62,1767.38,3129244
2019-10-14,1728.91,1741.89,1722.0,1736.43,1928898
2019-10-11,1742.92,1745.45,1729.86,1731.92,3279534
2019-10-10,1725.24,1738.29,1713.75,1720.26,2721531
2019-10-09,1719.61,1729.95,1714.36,1721.99,2089335
2019-10-08,1722.49,1727.0,1705.0,1705.51,2626840
2019-10-07,1731.63,1747.83,1723.7,1732.66,2187598
2019-10-04,1726.02,1740.58,1719.23,1739.65,2489277
2019-10-03,1713.0,1725.0,1685.06,1724.42,3624371
2019-10-02,1727.74,1728.89,1705.0,1713.23,3338476
2019-10-01,1746.0,1755.6,1728.41,1735.65,3170460
2019-09-30,1726.99,1737.46,1709.22,1735.91,2760768
2019-09-27,1748.0,1749.12,1713.82,1725.45,3948029
2019-09-26,1762.79,1763.37,1731.5,1739.84,3571952
2019-09-25,1747.36,1773.0,1723.0,1768.33,3531098
2019-09-24,1790.61,1795.71,1735.55,1741.61,4637901
2019-09-23,1777.0,1792.7,1767.32,1785.3,3139142
2019-09-20,1821.71,1830.63,1780.92,1794.16,5555839
2019-09-19,1821.02,1832.57,1817.9,1821.5,2078335
2019-09-18,1817.04,1822.06,1795.5,1817.46,2536012
2019-09-17,1807.08,1823.99,1804.1,1822.55,2033058
2019-09-16,1824.02,1825.69,1800.2,1807.84,3675473
2019-09-13,1842.01,1846.12,1835.17,1839.34,1971317
2019-09-12,1837.63,1853.66,1834.28,1843.55,2823505
2019-09-11,1812.14,1833.42,1809.08,1822.99,2432767
2019-09-10,1822.75,1825.81,1805.34,1820.55,2613879
2019-09-09,1841.0,1850.0,1824.61,1831.35,2999515
2019-09-06,1838.22,1840.65,1826.4,1833.51,2496933
2019-09-05,1821.95,1842.0,1815.58,1840.72,3325189
2019-09-04,1805.0,1807.63,1796.23,1800.62,2326228
2019-09-03,1770.0,1800.8,1768.0,1789.84,3546859
2019-08-30,1797.49,1799.74,1764.57,1776.29,3064147
2019-08-29,1783.0,1798.55,1777.25,1786.4,3018012
2019-08-28,1755.0,1767.86,1744.05,1764.25,2421893
2019-08-27,1775.73,1779.4,1746.68,1761.83,3027245
2019-08-26,1766.91,1770.0,1743.51,1768.87,3085320
2019-08-23,1793.03,1804.9,1745.23,1749.62,5277898
2019-08-22,1828.0,1829.41,1800.1,1805.6,2658388
2019-08-21,1819.39,1829.58,1815.0,1823.54,2039231
2019-08-20,1814.5,1816.82,1799.88,1801.38,1932835
2019-08-19,1818.08,1826.0,1812.61,1816.12,2820303
2019-08-16,1792.89,1802.91,1784.55,1792.57,3054240
2019-08-15,1781.99,1788.0,1761.96,1776.12,3809948
2019-08-14,1793.01,1795.65,1757.22,1762.96,4893649
2019-08-13,1783.0,1831.74,1780.0,1824.34,4075021
2019-08-12,1795.99,1800.98,1777.0,1784.92,2905498
2019-08-09,1828.95,1831.09,1802.22,1807.58,2879770
2019-08-08,1806.0,1834.26,1798.11,1832.89,3701242
2019-08-07,1773.99,1798.93,1757.0,1793.4,4526884
2019-08-06,1787.83,1793.77,1753.4,1787.83,5070258
2019-08-05,1770.22,1788.67,1748.78,1765.13,6058212
2019-08-02,1845.07,1846.36,1808.02,1823.24,4956225
2019-08-01,1871.72,1897.92,1844.01,1855.32,4713311
2019-07-31,1898.11,1899.55,1849.44,1866.78,4470727
2019-07-30,1891.12,1909.89,1883.48,1898.53,2910888
2019-07-29,1930.0,1932.23,1890.54,1912.45,4493190
2019-07-26,1942.0,1950.9,1924.51,1943.05,4927143
2019-07-25,2001.0,2001.2,1972.72,1973.82,4136461
2019-07-24,1969.3,2001.3,1965.87,2000.81,2631300
2019-07-23,1995.99,1997.79,1973.13,1994.49,2703480
2019-07-22,1971.14,1989.0,1958.26,1985.63,2908111
2019-07-19,1991.21,1996.0,1962.23,1964.52,3185612
2019-07-18,1977.9,1987.5,1951.55,1977.9,3504252
2019-07-17,2007.05,2012.0,1992.03,1992.03,2558809
2019-07-16,2010.58,2026.32,2001.22,2009.9,2618198
2019-07-15,2021.4,2022.9,2001.55,2020.99,2981343
2019-07-12,2008.27,2017.0,2003.87,2011.0,2509297
2019-07-11,2025.62,2035.8,1995.3,2001.07,4317766
2019-07-10,1996.51,2024.94,1995.4,2017.41,4931902
2019-07-09,1947.8,1990.01,1943.48,1988.3,4345698
2019-07-08,1934.12,1956.0,1928.25,1952.32,2883371
2019-07-05,1928.6,1945.9,1925.3,1942.91,2628359
2019-07-03,1935.89,1941.59,1930.5,1939.0,1690294
2019-07-02,1919.38,1934.79,1906.63,1934.31,2651299
2019-07-01,1922.98,1929.82,1914.66,1922.19,3203347
2019-06-28,1909.1,1912.94,1884.0,1893.63,3037358
2019-06-27,1902.0,1911.24,1898.04,1904.28,2141721
2019-06-26,1892.48,1903.8,1887.32,1897.83,2441910
2019-06-25,1911.84,1916.39,1872.42,1878.27,3012347
2019-06-24,1912.66,1916.86,1901.3,1913.9,2282969
2019-06-21,1916.1,1925.95,1907.58,1911.3,3933576
2019-06-20,1933.33,1935.2,1905.8,1918.19,3217153
2019-06-19,1907.84,1919.58,1892.47,1908.79,2895347
2019-06-18,1901.35,1921.67,1899.79,1901.37,3895728
2019-06-17,1876.5,1895.69,1875.45,1886.03,2634342
2019-06-14,1864.0,1876.0,1859.0,1869.67,2851163
2019-06-13,1866.72,1883.09,1862.22,1870.3,2795810
2019-06-12,1853.98,1865.0,1844.38,1855.32,2678335
2019-06-11,1883.25,1893.7,1858.0,1863.7,4042694
2019-06-10,1822.0,1884.87,1818.0,1860.63,5371007
2019-06-07,1763.7,1806.25,1759.49,1804.03,4808246
2019-06-06,1737.71,1760.0,1726.13,1754.36,3689272
2019-06-05,1749.6,1752.0,1715.25,1738.5,4239782
2019-06-04,1699.24,1730.82,1680.89,1729.56,5679121
2019-06-03,1760.01,1766.29,1672.0,1692.69,9098708
2019-05-31,1790.01,1795.59,1772.7,1775.07,4618819
2019-05-30,1825.49,1829.47,1807.83,1816.32,3146850
2019-05-29,1823.12,1830.0,1807.53,1819.19,4279025
2019-05-28,1832.75,1849.27,1827.35,1836.43,3199965
2019-05-24,1835.89,1841.76,1817.85,1823.28,3369673
2019-05-23,1836.59,1844.0,1804.2,1815.48,4424265
2019-05-22,1851.78,1871.49,1851.0,1859.68,2936601
2019-05-21,1874.79,1879.0,1846.0,1857.52,4005122
2019-05-20,1852.69,1867.78,1835.54,1858.97,3798198
2019-05-17,1893.05,1910.53,1867.33,1869.0,4736618
2019-05-16,1885.94,1917.51,1882.29,1907.57,4707822
2019-05-15,1827.95,1874.43,1823.0,1871.15,4692642
2019-05-14,1839.5,1852.44,1815.75,1840.12,4629107
2019-05-13,1836.56,1846.54,1818.0,1822.68,5783410
2019-05-10,1898.0,1903.79,1856.0,1889.98,5717994
2019-05-09,1900.0,1909.4,1876.0,1899.87,5308263
2019-05-08,1918.87,1935.37,1910.0,1917.77,4078568
2019-05-07,1939.99,1949.1,1903.38,1921.0,5902134
2019-05-06,1917.98,1959.0,1910.5,1950.55,5417841
2019-05-03,1949.0,1964.4,1936.0,1962.46,6381564
2019-05-02,1913.33,1921.55,1881.87,1900.82,3962915
2019-05-01,1933.09,1943.64,1910.55,1911.52,3116964
2019-04-30,1930.1,1935.71,1906.95,1926.52,3506007
2019-04-29,1949.0,1956.34,1934.09,1938.43,4021255
2019-04-26,1929.0,1951.0,1898.0,1950.63,8432563
2019-04-25,1917.0,1922.45,1900.31,1902.25,6099201
2019-04-24,1925.0,1929.69,1898.16,1901.75,3675781
2019-04-23,1891.2,1929.26,1889.58,1923.77,4640441
2019-04-22,1855.4,1888.42,1845.64,1887.31,3373807
2019-04-18,1868.79,1870.82,1859.48,1861.69,2749882
2019-04-17,1872.99,1876.47,1860.44,1864.82,2893517
2019-04-16,1851.35,1869.77,1848.0,1863.04,3044618
2019-04-15,1842.0,1846.85,1818.9,1844.87,3724423
2019-04-12,1848.4,1851.5,1841.3,1843.06,3114413
2019-04-11,1848.7,1849.95,1840.31,1844.07,2654842
2019-04-10,1841.0,1848.0,1828.81,1847.33,2963973
2019-04-09,1845.49,1853.09,1831.78,1835.84,3714368
2019-04-08,1833.23,1850.2,1825.11,1849.86,3752841
2019-04-05,1829.0,1838.58,1825.19,1837.28,3640476
2019-04-04,1820.65,1828.75,1804.2,1818.86,3623867
2019-04-03,1826.72,1830.0,1809.62,1820.7,3980590
2019-04-02,1811.02,1820.0,1805.12,1813.98,3448115
2019-04-01,1800.11,1815.67,1798.73,1814.19,4238752
2019-03-29,1786.58,1792.86,1776.63,1780.75,3320793
2019-03-28,1770.0,1777.93,1753.47,1773.42,3042958
2019-03-27,1784.13,1787.5,1745.68,1765.7,4324801
2019-03-26,1793.0,1805.77,1773.36,1783.76,4865880
2019-03-25,1757.79,1782.68,1747.5,1774.26,5103803
2019-03-22,1810.17,1818.98,1763.11,1764.77,6362983
2019-03-21,1796.26,1823.75,1787.28,1819.26,5767797
2019-03-20,1769.94,1799.5,1767.03,1797.27,6265633
2019-03-19,1753.51,1784.16,1753.51,1761.85,6364161
2019-03-18,1712.7,1750.0,1712.63,1742.15,5429058
2019-03-15,1703.0,1718.8,1693.13,1712.36,7550870
2019-03-14,1691.2,1702.0,1684.34,1686.22,2946618
2019-03-13,1683.0,1700.0,1679.35,1690.81,3552041
2019-03-12,1669.0,1684.27,1660.98,1673.1,3614498
2019-03-11,1626.12,1672.29,1626.01,1670.62,3876352
2019-03-08,1604.01,1622.72,1586.57,1620.8,4667014
2019-03-07,1667.37,1669.75,1620.51,1625.95,4957017
2019-03-06,1695.97,1697.75,1668.28,1668.95,3996001
2019-03-05,1702.95,1707.8,1689.01,1692.43,3681522
2019-03-04,1685.0,1709.43,1674.36,1696.17,6167358
2019-03-01,1655.13,1674.26,1651.0,1671.73,4974877
2019-02-28,1635.25,1651.77,1633.83,1639.83,3025891
2019-02-27,1628.18,1641.81,1615.1,1641.09,3148824
2019-02-26,1625.98,1639.99,1616.13,1636.4,2665815
2019-02-25,1641.45,1654.6,1630.39,1633.0,3184462
2019-02-22,1623.5,1634.94,1621.17,1631.56,3096191
2019-02-21,1619.85,1623.56,1600.91,1619.44,3483392
2019-02-20,1630.0,1634.93,1610.12,1622.1,3337589
2019-02-19,1601.0,1634.0,1600.56,1627.58,3681656
2019-02-15,1627.86,1628.91,1604.5,1607.95,4343893
2019-02-14,1624.5,1637.9,1606.06,1622.65,4120524
2019-02-13,1647.0,1656.38,1637.11,1640.0,3560321
2019-02-12,1604.0,1639.4,1598.88,1638.01,4858604
2019-02-11,1600.98,1609.29,1586.0,1591.0,3317328
2019-02-08,1586.0,1588.59,1566.76,1588.22,5657457
2019-02-07,1625.0,1625.54,1592.91,1614.37,4626589
2019-02-06,1670.75,1672.26,1633.34,1640.26,3939883
2019-02-05,1643.34,1665.26,1642.5,1658.81,4453105
2019-02-04,1623.0,1649.63,1613.5,1633.31,4929187
2019-02-01,1638.88,1673.06,1622.01,1626.23,11506213
2019-01-31,1692.85,1736.41,1679.08,1718.73,10910338
2019-01-30,1623.0,1676.95,1619.68,1670.43,5783822
2019-01-29,1631.27,1632.38,1590.72,1593.88,4632782
2019-01-28,1643.59,1645.0,1614.09,1637.89,4837711
2019-01-25,1670.5,1683.48,1661.61,1670.57,4959679
2019-01-24,1641.07,1657.26,1631.78,1654.93,4089943
2019-01-23,1656.0,1657.43,1612.0,1640.02,5225212
2019-01-22,1681.0,1681.87,1610.2,1632.17,6416796
2019-01-18,1712.0,1716.2,1691.54,1696.2,6020503
2019-01-17,1680.0,1700.17,1677.5,1693.22,4208875
2019-01-16,1684.22,1705.0,1675.88,1683.78,6366864
2019-01-15,1632.0,1675.16,1626.01,1674.56,5998510
2019-01-14,1615.0,1648.2,1595.15,1617.21,6005888
2019-01-11,1640.55,1660.29,1636.22,1640.56,4686222
2019-01-10,1641.01,1663.25,1621.62,1656.22,6507693
2019-01-09,1652.98,1667.8,1641.4,1659.42,6348801
2019-01-08,1664.69,1676.61,1616.61,1656.58,8881428
2019-01-07,1602.31,1634.56,1589.19,1629.51,7993213
2019-01-04,1530.0,1594.0,1518.31,1575.39,9182575
2019-01-03,1520.01,1538.0,1497.11,1500.28,6975572
2019-01-02,1465.2,1553.36,1460.93,1539.13,7983103
2018-12-31,1510.8,1520.76,1487.0,1501.97,6954507
2018-12-28,1473.35,1513.47,1449.0,1478.02,8828950
2018-12-27,1454.2,1469.0,1390.31,1461.64,9722034
2018-12-26,1368.89,1473.16,1363.01,1470.9,10411801
2018-12-24,1346.0,1396.03,1307.0,1343.96,7219996
2018-12-21,1464.99,1480.0,1363.96,1377.45,13640320
2018-12-20,1484.0,1509.5,1432.69,1460.83,9991833
2018-12-19,1543.05,1584.53,1483.18,1495.08,8792189
2018-12-18,1540.0,1567.55,1523.01,1551.48,6522975
2018-12-17,1566.0,1576.13,1505.01,1520.91,8829762
2018-12-14,1638.0,1642.57,1585.0,1591.91,6367163
2018-12-13,1680.0,1692.12,1641.5,1658.38,5271162
2018-12-12,1669.0,1704.99,1660.27,1663.54,6597968
2018-12-11,1678.0,1679.47,1619.6,1643.24,6244695
2018-12-10,1623.84,1657.99,1590.87,1641.03,7494808
2018-12-07,1705.07,1718.93,1625.46,1629.13,7576132
2018-12-06,1614.87,1701.05,1609.85,1699.19,8789394
2018-12-04,1756.0,1770.34,1665.0,1668.4,8694455
2018-12-03,1769.46,1778.34,1730.0,1772.36,6862160
2018-11-30,1679.5,1696.0,1666.5,1690.17,5761761
2018-11-29,1674.99,1689.99,1652.33,1673.57,6613243
2018-11-28,1613.92,1681.45,1601.22,1677.75,8458738
2018-11-27,1575.99,1597.65,1558.01,1581.42,5783227
2018-11-26,1539.0,1584.81,1524.22,1581.33,6257716
2018-11-23,1517.0,1536.2,1501.81,1502.06,2707642
2018-11-21,1542.99,1550.0,1515.0,1516.73,5716800
2018-11-20,1437.5,1534.75,1420.0,1495.46,10878823
2018-11-19,1577.01,1581.19,1503.36,1512.29,7789981
2018-11-16,1587.5,1614.48,1573.12,1593.41,6066080
2018-11-15,1581.01,1624.82,1546.51,1619.44,8427337
2018-11-14,1656.32,1673.0,1597.07,1599.01,6486891
2018-11-13,1649.29,1677.06,1613.75,1631.17,5933271
2018-11-12,1698.24,1708.55,1630.01,1636.85,6806245
2018-11-09,1732.5,1743.92,1701.87,1712.43,5902186
2018-11-08,1755.0,1784.0,1725.11,1754.91,6534866
2018-11-07,1673.0,1759.23,1664.08,1755.49,8192234
2018-11-06,1618.35,1665.0,1614.55,1642.81,4257353
2018-11-05,1657.57,1658.09,1596.36,1627.8,5624727
2018-11-02,1678.59,1697.44,1651.83,1665.53,6955548
2018-11-01,1623.53,1670.45,1598.44,1665.53,8135539
2018-10-31,1569.99,1623.91,1565.09,1598.01,9390211
2018-10-30,1486.16,1540.99,1476.36,1530.42,12460086
2018-10-29,1660.0,1665.74,1495.0,1538.88,13866077
2018-10-26,1649.59,1698.46,1603.0,1642.81,14963783
2018-10-25,1703.34,1794.81,1692.01,1782.17,10285742
2018-10-24,1773.7,1777.71,1656.56,1664.2,6928383
2018-10-23,1742.24,1776.34,1714.0,1768.7,6723913
2018-10-22,1784.0,1809.5,1756.0,1789.3,4500015
2018-10-19,1785.16,1809.1,1753.0,1764.03,5907246
2018-10-18,1821.49,1830.15,1767.87,1770.72,5873995
2018-10-17,1842.79,1845.0,1807.0,1831.73,5295177
2018-10-16,1783.5,1823.88,1761.55,1819.96,5859918
2018-10-15,1795.0,1795.05,1734.23,1760.95,6437162
2018-10-12,1808.0,1808.95,1742.53,1788.61,9444587
2018-10-11,1724.0,1755.4,1685.1,1719.36,13935872
2018-10-10,1857.89,1858.56,1754.41,1755.25,10988855
2018-10-09,1859.99,1896.68,1852.32,1870.32,4772866
2018-10-08,1874.0,1902.0,1830.66,1864.42,7393199
2018-10-05,1917.99,1929.08,1862.83,1889.65,6822327
2018-10-04,1949.0,1956.0,1896.57,1909.42,7256973
2018-10-03,1981.7,1989.7,1949.81,1952.76,5253131
2018-10-02,1999.99,2013.39,1965.77,1971.31,5400749
2018-10-01,2021.99,2033.19,2003.6,2004.36,3468285
2018-09-28,2004.41,2026.52,1996.46,2003.0,4085135
2018-09-27,1993.24,2016.16,1988.58,2012.98,4329391
2018-09-26,1968.5,1995.25,1961.52,1974.85,4313459
2018-09-25,1942.9,1975.91,1938.85,1974.55,4538407
2018-09-24,1903.79,1936.88,1865.0,1934.36,4213728
2018-09-21,1954.22,1957.31,1910.5,1915.01,6855898
2018-09-20,1938.58,1955.0,1932.25,1944.3,3154934
2018-09-19,1940.5,1940.83,1904.9,1926.42,4056822
2018-09-18,1918.65,1958.2,1915.44,1941.05,4268706
2018-09-17,1954.73,1956.82,1887.41,1908.03,7050192
2018-09-14,1992.93,1993.65,1959.22,1970.19,3642030
2018-09-13,2000.0,2008.76,1982.03,1989.87,3621511
2018-09-12,1994.0,2000.0,1962.44,1990.0,4414012
2018-09-11,1928.27,1988.88,1917.0,1987.15,5033645
2018-09-10,1971.0,1973.04,1931.52,1939.01,4544831
2018-09-07,1938.71,1975.2,1937.35,1952.07,4892643
2018-09-06,2006.51,2007.5,1935.21,1958.31,7488680
2018-09-05,2038.11,2040.38,1989.89,1994.82,8220576
2018-09-04,2026.5,2050.5,2013.0,2039.51,5721093
2018-08-31,2007.0,2022.38,2004.74,2012.71,4204378
2018-08-30,1997.42,2025.57,1986.9,2002.38,7277257
2018-08-29,1953.45,1998.69,1948.94,1998.1,6531761
2018-08-28,1937.73,1941.78,1928.82,1932.82,3100727
2018-08-27,1915.0,1927.7,1909.28,1927.68,3569037
2018-08-24,1910.51,1916.01,1902.54,1905.39,2800863
2018-08-23,1907.17,1919.5,1900.76,1902.9,3562997
2018-08-22,1876.64,1905.8,1876.64,1904.9,3080464
2018-08-21,1880.0,1897.75,1874.41,1883.42,3105626
2018-08-20,1890.57,1891.75,1866.06,1876.71,2862016
2018-08-17,1885.8,1888.0,1855.55,1882.22,4104300
2018-08-16,1903.94,1905.0,1883.55,1886.52,3957090
2018-08-15,1909.55,1916.21,1869.79,1882.62,7700682
2018-08-14,1919.39,1921.01,1900.0,1919.65,3986123
2018-08-13,1898.5,1925.0,1893.67,1896.2,5531475
2018-08-10,1888.51,1899.5,1878.21,1886.3,3639927
2018-08-09,1882.0,1914.57,1877.48,1898.52,4860374
2018-08-08,1861.0,1891.51,1854.5,1886.52,3963017
2018-08-07,1854.53,1869.72,1846.27,1862.48,3377473
2018-08-06,1825.81,1847.77,1818.92,1847.75,3391825
2018-08-03,1837.74,1841.0,1821.5,1823.29,3460487
2018-08-02,1788.77,1836.56,1786.0,1834.33,4354681
2018-08-01,1784.0,1798.44,1776.02,1797.17,4153096
2018-07-31,1786.49,1801.83,1739.32,1777.44,5738713
2018-07-30,1827.33,1829.5,1766.02,1779.22,6562321
2018-07-27,1876.05,1880.05,1806.53,1817.27,9680959
2018-07-26,1839.0,1844.68,1804.5,1808.0,9924371
2018-07-25,1829.3,1863.84,1822.64,1863.61,3836333
2018-07-24,1829.01,1840.0,1809.38,1829.24,4278723
2018-07-23,1812.21,1819.0,1769.99,1802.0,3888462
2018-07-20,1825.01,1834.84,1810.06,1813.7,3891566
2018-07-19,1829.46,1841.0,1811.27,1812.97,4676942
2018-07-18,1848.0,1858.88,1831.27,1842.92,4861913
2018-07-17,1811.56,1851.69,1797.38,1843.93,5682881
2018-07-16,1821.95,1841.95,1814.45,1822.49,5466195
2018-07-13,1803.93,1815.3,1795.23,1813.03,4386679
2018-07-12,1764.51,1798.0,1762.18,1796.62,4532743
2018-07-11,1737.99,1756.96,1734.0,1755.0,3209782
2018-07-10,1738.53,1750.0,1731.0,1743.07,3002905
2018-07-09,1724.05,1739.56,1716.23,1739.02,3011988
2018-07-06,1696.0,1715.27,1691.67,1710.63,2650262
2018-07-05,1705.38,1710.69,1682.15,1699.73,2983110
2018-07-03,1723.96,1725.0,1692.48,1693.96,2177276
2018-07-02,1682.7,1713.89,1678.06,1713.78,3185696
2018-06-29,1717.0,1723.41,1694.32,1699.8,4543508
2018-06-28,1672.54,1705.5,1661.17,1701.45,4529700
2018-06-27,1708.11,1711.95,1660.0,1660.51,4872201
2018-06-26,1672.37,1701.57,1663.34,1691.09,4386585
2018-06-25,1702.51,1705.0,1646.31,1663.15,7511196
2018-06-22,1742.62,1743.0,1711.9,1715.67,4075124
2018-06-21,1760.0,1763.1,1717.56,1730.22,4941148
2018-06-20,1742.5,1762.93,1741.36,1750.08,4332591
2018-06-19,1709.04,1736.11,1700.39,1734.78,4290117
2018-06-18,1706.26,1726.74,1702.56,1723.79,3107742
2018-06-15,1714.0,1720.87,1708.52,1715.97,4777646
2018-06-14,1713.48,1724.8,1708.87,1723.86,3174415
2018-06-13,1702.81,1713.75,1700.12,1704.86,3327529
2018-06-12,1693.0,1699.51,1691.52,1698.75,2259215
2018-06-11,1681.51,1694.24,1680.59,1689.12,2335484
2018-06-08,1681.12,1689.44,1673.01,1683.99,2955110
2018-06-07,1698.56,1699.9,1676.11,1689.3,3765687
2018-06-06,1704.51,1714.5,1686.47,1695.75,5473213
2018-06-05,1672.99,1699.0,1670.06,1696.35,4782177
2018-06-04,1648.9,1665.68,1645.49,1665.27,3187737
2018-06-01,1637.03,1646.73,1635.09,1641.54,3313385
2018-05-31,1623.0,1635.0,1621.35,1629.62,3166330
2018-05-30,1618.1,1626.0,1612.93,1624.89,2907357
2018-05-29,1600.71,1621.79,1600.15,1612.87,3846477
2018-05-25,1603.0,1614.12,1600.45,1610.15,2698400
2018-05-24,1598.03,1608.24,1588.38,1603.07,3429975
2018-05-23,1571.05,1601.86,1566.34,1601.86,3361892
2018-05-22,1589.89,1589.89,1575.25,1581.4,2115639
2018-05-21,1585.0,1592.05,1575.0,1585.46,2925235
2018-05-18,1581.33,1583.59,1572.1,1574.37,2642584
2018-05-17,1580.56,1594.04,1573.0,1581.76,2147606
2018-05-16,1577.5,1594.43,1576.67,1587.28,2570572
2018-05-15,1587.8,1587.8,1565.22,1576.12,5077465
2018-05-14,1604.0,1611.18,1600.05,1601.54,2509483
2018-05-11,1610.99,1611.1,1597.89,1603.32,2263900
2018-05-10,1608.48,1615.6,1603.44,1609.08,2817450
2018-05-09,1600.0,1608.0,1592.0,1608.0,3637302
2018-05-08,1595.0,1596.88,1582.51,1592.39,3067949
2018-05-07,1589.34,1606.95,1587.83,1600.14,3801855
2018-05-04,1562.45,1584.9,1562.19,1580.95,3443567
2018-05-03,1560.01,1574.8,1546.02,1572.08,4251917
2018-05-02,1580.98,1588.5,1566.36,1569.68,4360273
2018-05-01,1563.22,1585.0,1552.18,1582.26,4572071
2018-04-30,1582.5,1596.0,1560.94,1566.13,5464085
2018-04-27,1634.01,1638.1,1567.39,1572.62,13053241
2018-04-26,1485.01,1529.42,1478.5,1517.96,8801101
2018-04-25,1458.0,1469.99,1415.02,1460.17,6587290
2018-04-24,1535.8,1539.5,1448.45,1460.09,7494699
2018-04-23,1517.86,1548.0,1503.41,1517.86,4465424
2018-04-20,1561.2,1561.2,1516.09,1527.49,5541622
2018-04-19,1543.22,1568.52,1539.06,1556.91,6523728
2018-04-18,1514.65,1533.8,1504.11,1527.84,5227509
2018-04-17,1462.3,1507.19,1457.02,1503.83,5114403
2018-04-16,1445.0,1447.0,1427.48,1441.5,2808624
2018-04-13,1449.14,1459.78,1424.52,1430.79,3685267
2018-04-12,1439.5,1452.12,1435.06,1448.5,3135027
2018-04-11,1439.44,1448.78,1424.89,1427.05,3582533
2018-04-10,1431.99,1438.38,1415.7,1436.22,4280144
2018-04-09,1425.03,1438.48,1402.57,1406.08,4208206
2018-04-06,1429.97,1452.5,1400.26,1405.23,5882257
2018-04-05,1441.99,1459.56,1427.07,1451.75,6413459
2018-04-04,1358.24,1415.39,1352.88,1410.57,6982305
2018-04-03,1391.38,1414.0,1355.33,1392.05,10231212
2018-04-02,1417.62,1421.36,1355.0,1371.99,10463607
2018-03-29,1406.0,1455.47,1365.2,1447.34,12581121
2018-03-28,1447.0,1455.9,1386.17,1431.42,13705317
2018-03-27,1572.4,1575.97,1482.32,1497.05,6999631
2018-03-26,1530.0,1556.99,1499.25,1555.86,5624700
2018-03-23,1539.01,1549.02,1495.36,1495.56,8006033
2018-03-22,1565.47,1573.85,1542.4,1544.92,6320551
2018-03-21,1586.45,1590.0,1563.17,1581.86,4750771
2018-03-20,1550.34,1587.0,1545.41,1586.51,4581568
2018-03-19,1554.53,1561.66,1525.35,1544.93,6580766
2018-03-16,1583.45,1589.44,1567.5,1571.68,5425012
2018-03-15,1595.0,1596.91,1578.11,1582.32,4069701
2018-03-14,1597.0,1606.44,1590.89,1591.0,4259443
2018-03-13,1615.96,1617.54,1578.01,1588.18,6531892
2018-03-12,1592.6,1605.33,1586.7,1598.39,5174211
2018-03-09,1563.5,1578.94,1559.08,1578.89,4534250
2018-03-08,1550.0,1554.88,1545.25,1551.86,3862615
2018-03-07,1526.52,1545.9,1522.51,1545.0,4174123
2018-03-06,1533.2,1542.13,1528.0,1537.64,4561718
2018-03-05,1494.24,1525.38,1481.0,1523.61,5233934
2018-03-02,1469.1,1501.05,1455.01,1500.25,6587564
2018-03-01,1513.6,1518.49,1465.0,1493.45,6835230
2018-02-28,1519.51,1528.7,1512.0,1512.45,4515023
2018-02-27,1524.5,1526.78,1507.21,1511.98,4808776
2018-02-26,1509.2,1522.84,1507.0,1521.95,4945037
2018-02-23,1495.34,1500.0,1486.5,1500.0,4407208
2018-02-22,1495.36,1502.54,1475.76,1485.34,4806838
2018-02-21,1485.0,1503.49,1478.92,1482.92,6271840
2018-02-20,1446.49,1488.77,1446.49,1468.36,6483160
2018-02-16,1457.37,1465.8,1446.56,1448.69,4464319
2018-02-15,1466.89,1468.94,1436.84,1461.76,5636268
2018-02-14,1406.25,1452.06,1403.36,1451.05,5952037
2018-02-13,1385.93,1419.72,1383.53,1414.51,5882717
2018-02-12,1364.67,1393.81,1344.01,1387.33,6724059
2018-02-09,1373.49,1383.49,1265.93,1339.6,14129851
2018-02-08,1429.68,1433.75,1350.0,1350.5,8505031
2018-02-07,1449.0,1460.99,1415.15,1415.15,7135256
2018-02-06,1361.46,1443.99,1351.79,1442.84,11066819
2018-02-05,1402.62,1458.98,1320.72,1390.0,11427147
2018-02-02,1477.39,1498.0,1414.0,1429.95,11022322
2018-02-01,1445.0,1459.88,1385.14,1390.0,9009295
2018-01-31,1451.3,1472.58,1450.04,1450.89,6396495
2018-01-30,1403.17,1439.25,1392.0,1437.82,5813242
2018-01-29,1409.18,1431.39,1400.44,1417.68,5690501
2018-01-26,1392.01,1402.53,1380.91,1402.05,4832538
2018-01-25,1368.0,1378.34,1357.62,1377.95,4742293
2018-01-24,1374.82,1388.16,1338.0,1357.51,6781517
2018-01-23,1338.09,1364.9,1337.34,1362.54,5144152
2018-01-22,1297.17,1327.45,1296.66,1327.31,4126883
2018-01-19,1312.0,1313.0,1292.99,1294.58,4519794
2018-01-18,1293.95,1304.6,1284.02,1293.32,4022227
2018-01-17,1312.24,1314.0,1280.88,1295.0,5240784
2018-01-16,1323.0,1339.94,1292.3,1304.86,7155416
2018-01-12,1273.39,1305.76,1273.39,1305.2,5437527
2018-01-11,1259.74,1276.77,1256.46,1276.68,3119795
2018-01-10,1245.15,1254.33,1237.23,1254.33,2682713
2018-01-09,1256.9,1259.33,1241.76,1252.7,3657622
2018-01-08,1236.0,1253.08,1232.03,1246.87,4270485
2018-01-05,1217.51,1229.14,1210.0,1229.14,3536566
2018-01-04,1205.0,1215.87,1204.66,1209.64,3017426
2018-01-03,1188.3,1205.49,1188.3,1204.2,3094531
2018-01-02,1172.0,1190.0,1170.51,1189.0,2690559
2017-12-29,1182.35,1184.0,1167.5,1169.47,2679050
2017-12-28,1189.0,1190.1,1184.38,1186.1,1839645
2017-12-27,1179.91,1187.29,1175.61,1182.26,1866268
2017-12-26,1168.36,1178.32,1160.55,1176.76,2001557
2017-12-22,1172.08,1174.62,1167.83,1168.36,1577562
2017-12-21,1175.9,1179.17,1167.64,1174.76,2055117
2017-12-20,1190.5,1191.0,1176.0,1177.62,2365776
2017-12-19,1189.15,1192.97,1179.14,1187.43,2575162
2017-12-18,1187.37,1194.78,1180.91,1190.58,2943912
2017-12-15,1179.03,1182.75,1169.33,1178.98,4775630
2017-12-14,1163.71,1177.93,1162.45,1174.26,3120584
2017-12-13,1170.0,1170.87,1160.27,1164.13,2589064
2017-12-12,1166.51,1173.6,1161.61,1165.08,2234254
2017-12-11,1164.6,1169.9,1157.0,1169.15,2361235
2017-12-08,1170.4,1172.79,1157.1,1162.0,2979772
2017-12-07,1156.59,1163.19,1151.0,1159.79,2508824
2017-12-06,1137.99,1155.89,1136.08,1152.94,2777642
2017-12-05,1128.26,1159.27,1124.74,1141.57,4075189
2017-12-04,1173.85,1175.2,1128.0,1133.95,5927315
2017-12-01,1172.05,1179.65,1152.0,1162.35,4101507
2017-11-30,1167.1,1178.57,1160.0,1176.75,4478128
2017-11-29,1194.8,1194.8,1145.19,1161.21,9246786
2017-11-28,1204.88,1205.34,1188.52,1193.6,4550725
2017-11-27,1202.66,1213.41,1191.15,1195.83,6721411
2017-11-24,1160.7,1186.84,1160.7,1186.0,3528011
2017-11-22,1141.0,1160.27,1141.0,1156.16,3550582
2017-11-21,1132.86,1140.0,1128.2,1139.49,2463025
2017-11-20,1129.77,1133.42,1122.55,1126.31,2160636
2017-11-17,1138.28,1138.8,1125.81,1129.88,2360704
2017-11-16,1130.16,1138.16,1130.05,1137.29,2211548
2017-11-15,1127.01,1131.75,1121.63,1126.69,3917270
2017-11-14,1130.11,1138.0,1123.89,1136.84,3136381
2017-11-13,1123.0,1139.9,1122.34,1129.17,2915001
2017-11-10,1126.1,1131.75,1124.06,1125.35,2179181
2017-11-09,1125.96,1129.62,1115.77,1129.13,3729978
2017-11-08,1122.82,1135.54,1119.11,1132.88,2576010
2017-11-07,1124.74,1130.6,1117.5,1123.17,2684443
2017-11-06,1109.15,1125.41,1108.77,1120.66,3331738
2017-11-03,1091.15,1112.68,1088.52,1111.6,3751480
2017-11-02,1097.81,1101.94,1086.87,1094.22,3684876
2017-11-01,1105.4,1108.97,1096.74,1103.68,3755511
2017-10-31,1109.0,1110.54,1101.12,1105.28,3476967
2017-10-30,1095.01,1122.79,1093.56,1110.85,6613064
2017-10-27,1057.01,1105.58,1050.55,1100.95,16552598
2017-10-26,980.33,982.9,968.55,972.43,5421431
2017-10-25,978.0,984.44,966.24,972.91,3030196
2017-10-24,969.0,979.85,965.0,975.9,2713570
2017-10-23,986.73,986.73,962.5,966.3,3488072
2017-10-20,993.53,994.62,982.0,982.91,2343748
2017-10-19,990.0,991.05,980.24,986.61,3085640
2017-10-18,1009.27,1022.31,996.55,997.0,2497400
2017-10-17,1005.59,1011.47,1004.38,1009.13,2318835
2017-10-16,1008.44,1009.57,1001.04,1006.34,2005410
2017-10-13,1007.35,1007.77,1001.03,1002.94,2429486
2017-10-12,996.81,1008.44,992.4,1000.93,4083590
2017-10-11,991.27,995.5,986.695,995.0,2335171
2017-10-10,996.67,997.95,980.099,987.2,3083184
2017-10-09,993.24,998.5,987.5,990.99,2936290
2017-10-06,975.64,995.75,975.64,989.51,3779449
2017-10-05,970.0,981.51,969.64,980.85,3223573
2017-10-04,954.21,967.79,954.05,965.45,2518564
2017-10-03,958.0,963.69,950.37,957.1,2665119
2017-10-02,964.0,967.305,952.12,959.19,2425704
2017-09-29,960.11,964.83,958.375,961.35,2513654
2017-09-28,951.86,959.7,950.101,956.4,2521390
2017-09-27,948.0,955.3,943.3,950.87,3146172
2017-09-26,945.49,948.63,931.75,938.6,3562792
2017-09-25,949.31,949.42,932.89,939.79,5115458
2017-09-22,961.01,965.61,954.42,955.1,2632770
2017-09-21,971.31,971.7,962.02,964.65,2276738
2017-09-20,971.79,974.81,962.163,973.21,2755736
2017-09-19,977.25,978.24,967.46,969.86,2651065
2017-09-18,990.4,992.792,968.17,974.19,3400824
2017-09-15,993.01,996.25,984.03,986.79,3751327
2017-09-14,996.8,998.56,987.74,992.21,3900801
2017-09-13,983.97,1000.0,979.42,999.6,3362218
2017-09-12,983.27,984.672,975.517,982.58,2476747
2017-09-11,974.46,981.94,974.22,977.96,2172012
2017-09-08,979.1,979.88,963.47,965.9,2589603
2017-09-07,974.0,980.59,972.55,979.47,2562567
2017-09-06,968.32,971.84,960.6,967.8,2125703
2017-09-05,975.4,976.77,960.37,965.27,2996690
2017-09-01,984.2,984.5,976.875,978.25,2533975
2017-08-31,974.7,981.0,972.76,980.6,3327043
2017-08-30,958.44,969.41,956.906,967.59,2898148
2017-08-29,940.0,956.0,936.33,954.06,2871789
2017-08-28,946.54,953.0,942.25,946.02,2580401
2017-08-25,956.0,957.621,944.1,945.26,3318454
2017-08-24,957.42,959.0,941.14,952.45,5192822
2017-08-23,959.38,962.0,954.2,958.0,2644883
2017-08-22,955.52,967.93,955.495,966.9,2745802
2017-08-21,957.57,961.2,945.46,953.29,3157620
2017-08-18,961.4,965.43,954.65,958.47,3276718
2017-08-17,977.84,977.84,960.32,960.57,3474358
2017-08-16,981.65,986.461,973.22,978.18,3125793
2017-08-15,988.9,991.74,982.0,982.74,2544672
2017-08-14,978.41,985.5,976.19,983.3,3168518
2017-08-11,960.0,970.39,951.38,967.99,3464884
2017-08-10,976.295,979.86,954.68,956.92,5603009
2017-08-09,982.6,988.0,975.27,982.01,3568143
2017-08-08,994.35,996.28,985.79,989.84,2889515
2017-08-07,990.65,995.0,987.14,992.27,2670282
2017-08-04,989.68,991.672,982.0,987.41,2727226
2017-08-03,999.47,999.5,984.59,986.92,3253014
2017-08-02,1001.77,1003.21,981.73,995.89,4063715
2017-08-01,996.11,1006.4,991.58,996.19,4562434
2017-07-31,1019.05,1019.05,987.02,987.78,7331872
2017-07-28,1012.14,1032.85,1001.0,1020.04,7703177
2017-07-27,1069.55,1083.31,1040.18,1046.0,10870819
2017-07-26,1043.2,1053.2,1043.2,1052.8,2896526
2017-07-25,1038.05,1043.33,1032.48,1040.13,2445188
2017-07-24,1028.34,1043.01,1027.43,1038.95,3279158
2017-07-21,1021.28,1026.1,1011.0,1025.67,2726904
2017-07-20,1031.59,1034.97,1022.52,1028.7,3080698
2017-07-19,1025.0,1031.59,1022.5,1026.87,2959140
2017-07-18,1006.0,1026.03,1004.0,1024.45,4002413
2017-07-17,1004.69,1014.75,1003.81,1010.04,3700333
2017-07-14,1002.4,1004.45,996.89,1001.81,2101019
2017-07-13,1004.62,1006.88,995.9,1000.63,2877904
2017-07-12,1000.65,1008.55,998.1,1006.51,3605460
2017-07-11,993.0,995.99,983.72,994.13,2979250
2017-07-10,985.0,999.439,983.5,996.47,3538767
2017-07-07,969.55,980.11,969.14,978.76,2605088
2017-07-06,964.66,974.4,959.02,965.14,3257438
2017-07-05,961.53,975.0,955.25,971.4,3649103
2017-07-03,972.79,974.49,951.0,953.66,2909108
2017-06-30,980.12,983.47,967.61,968.0,3385354
2017-06-29,979.0,987.56,965.25,975.93,4297359
2017-06-28,978.55,990.68,969.21,990.33,3733631
2017-06-27,990.69,998.8,976.0,976.78,3775219
2017-06-26,1008.5,1009.8,992.0,993.98,3382430
2017-06-23,1002.54,1004.62,998.02,1003.74,2877489
2017-06-22,1002.23,1006.96,997.2,1001.3,2250396
2017-06-21,998.7,1002.72,992.652,1002.23,2922473
2017-06-20,998.0,1004.88,992.02,992.59,4071977
2017-06-19,1017.0,1017.0,989.9,995.17,5033707
2017-06-16,996.0,999.75,982.0,987.71,11439817
2017-06-15,958.7,965.73,950.86,964.17,5237394
2017-06-14,988.59,990.34,966.71,976.47,3968528
2017-06-13,977.99,984.5,966.1,980.79,4571119
2017-06-12,967.0,975.95,945.0,964.91,9437694
2017-06-09,1012.5,1012.99,927.0,978.31,7636831
2017-06-08,1012.06,1013.61,1006.11,1010.27,2757185
2017-06-07,1005.95,1010.25,1002.0,1010.07,2818948
2017-06-06,1012.0,1016.5,1001.25,1003.0,3343677
2017-06-05,1007.23,1013.21,1003.51,1011.34,2717402
2017-06-02,998.99,1008.48,995.67,1006.73,3745599
2017-06-01,998.59,998.99,991.37,995.95,2452148
2017-05-31,1000.0,1000.12,982.16,994.62,3913864
2017-05-30,996.51,1001.2,995.52,996.7,3256626
2017-05-26,995.0,998.65,989.249,995.78,3461359
2017-05-25,984.85,999.0,982.11,993.38,4818114
2017-05-24,976.0,981.0,970.23,980.35,2456931
2017-05-23,975.02,975.2,966.85,971.54,2412439
2017-05-22,964.0,971.38,962.9,970.67,2634262
2017-05-19,962.84,968.92,959.72,959.84,3958815
2017-05-18,944.8,962.75,944.76,958.49,3939347
2017-05-17,954.7,960.396,944.12,944.76,5131027
2017-05-16,961.0,970.06,960.91,966.07,3116034
2017-05-15,958.73,963.15,956.055,957.97,4261756
2017-05-12,954.5,962.79,951.53,961.35,3622312
2017-05-11,945.11,950.29,940.775,947.62,2190688
2017-05-10,953.5,953.75,945.0,948.95,2093397
2017-05-09,952.8,957.89,950.2,952.82,3256488
2017-05-08,940.95,949.05,939.21,949.04,3407036
2017-05-05,940.52,940.79,930.3,934.15,2866397
2017-05-04,944.75,945.0,934.215,937.53,2414021
2017-05-03,946.0,946.0,935.9,941.03,3579038
2017-05-02,946.645,950.1,941.413,946.94,3816265
2017-05-01,927.8,954.4,927.8,948.23,5461391
2017-04-28,948.83,949.59,924.334,924.99,7364681
2017-04-27,914.39,921.86,912.11,918.38,5210059
2017-04-26,910.3,915.749,907.56,909.29,2604617
2017-04-25,907.04,909.48,903.0,907.63,3377698
2017-04-24,908.68,909.99,903.82,907.41,3118239
2017-04-21,902.67,903.65,896.77,898.53,2291573
2017-04-20,899.7,905.32,896.29,902.06,2723804
2017-04-19,907.84,910.5,897.369,899.2,2798157
2017-04-18,900.99,909.61,900.78,903.78,2687708
2017-04-17,887.5,902.38,887.5,901.99,2698857
2017-04-13,891.45,894.97,884.49,884.67,3095922
2017-04-12,903.09,904.09,895.25,896.23,2407868
2017-04-11,907.04,911.24,897.5,902.36,3012743
2017-04-10,899.63,908.51,899.0,907.04,3047224
2017-04-07,899.65,900.09,889.31,894.88,3710922
2017-04-06,913.8,917.19,894.493,898.28,6189311
2017-04-05,910.82,923.72,905.62,909.28,7396854
2017-04-04,891.5,908.538,890.28,906.83,4937884
2017-04-03,888.0,893.49,885.42,891.51,3422328
2017-03-31,877.0,890.35,876.65,886.54,3816127
2017-03-30,874.95,877.06,871.66,876.34,2712349
2017-03-29,859.05,876.438,859.02,874.32,4229470
2017-03-28,851.75,858.46,850.1,856.0,2851832
2017-03-27,838.07,850.3,833.5,846.82,2687081
2017-03-24,851.68,851.8,843.53,845.61,2086261
2017-03-23,848.2,850.89,844.8,847.38,1952964
2017-03-22,840.43,849.37,839.05,848.06,2658669
2017-03-21,858.84,862.795,841.31,843.2,4382852
2017-03-20,851.51,857.8,851.01,856.97,2282727
2017-03-17,853.49,853.83,850.64,852.31,2959989
2017-03-16,855.3,855.5,850.51,853.42,1842296
2017-03-15,854.33,854.45,847.11,852.97,2562176
2017-03-14,853.55,853.75,847.55,852.53,2130586
2017-03-13,853.11,855.69,851.71,854.59,1909672
2017-03-10,857.0,857.35,851.72,852.2,2156883
2017-03-09,851.0,856.4,850.31,853.0,1971746
2017-03-08,848.0,853.07,846.79,850.5,2180555
2017-03-07,845.48,848.46,843.75,846.02,2117718
2017-03-06,845.23,848.49,841.12,846.61,2402543
2017-03-03,847.2,851.985,846.27,849.88,1882583
2017-03-02,853.08,854.82,847.28,848.91,2094816
2017-03-01,853.05,854.83,849.01,853.08,2650275
2017-02-28,851.45,854.09,842.05,845.04,2710000
2017-02-27,842.38,852.5,839.67,848.64,2487600
2017-02-24,844.69,845.81,837.75,845.24,3591851
2017-02-23,857.57,860.86,848.0,852.19,3154509
2017-02-22,856.95,858.43,852.18,855.61,2505173
2017-02-21,848.84,857.98,847.25,856.44,3352414
2017-02-17,842.0,847.27,840.73,845.07,2870546
2017-02-16,841.84,845.0,839.375,844.28,2567839
2017-02-15,834.0,842.81,832.82,842.7,2881730
2017-02-14,837.0,838.31,831.452,836.39,2493701
2017-02-13,831.62,843.0,828.55,836.53,4039516
2017-02-10,823.82,828.0,822.85,827.46,2319270
2017-02-09,821.6,825.0,819.71,821.36,2423550
2017-02-08,812.69,821.479,812.5,819.71,2779828
2017-02-07,809.31,816.16,807.5,812.5,3398517
2017-02-06,809.8,810.72,803.0,807.64,3685290
2017-02-03,806.72,818.3,804.0,810.2,10868773
2017-02-02,836.59,842.49,828.26,839.95,5595076
2017-02-01,829.21,833.78,824.94,832.35,3719530
2017-01-31,823.75,826.99,819.56,823.48,3032421
2017-01-30,833.0,833.5,816.38,830.38,3630339
2017-01-27,839.0,839.7,829.44,835.75,2767196
2017-01-26,835.53,843.84,833.0,839.15,3442892
2017-01-25,825.79,837.418,825.288,836.52,3799247
2017-01-24,822.0,823.99,814.5,822.44,2902871
2017-01-23,806.8,818.5,805.08,817.88,2624347
2017-01-20,815.28,816.02,806.26,808.33,3225636
2017-01-19,810.0,813.51,807.32,809.04,2500277
2017-01-18,809.5,811.73,804.27,807.48,2252618
2017-01-17,815.7,816.0,803.44,809.72,3561006
2017-01-13,814.32,821.65,811.4,817.24,3610707
2017-01-12,800.31,814.13,799.5,813.64,4788107
2017-01-11,793.66,799.5,789.51,799.02,2894400
2017-01-10,796.6,798.0,789.543,795.9,2497924
2017-01-09,798.0,801.774,791.77,796.92,3399243
2017-01-06,782.36,799.44,778.48,795.99,5793017
2017-01-05,761.55,782.4,760.256,780.45,5768331
2017-01-04,758.39,759.68,754.2,757.18,2423218
2017-01-03,757.92,758.76,747.7,753.67,3468274
2016-12-30,766.47,767.4,748.28,749.87,4139449
2016-12-29,772.4,773.4,760.85,765.15,3139235
2016-12-28,776.25,780.0,770.5,772.13,3273366
2016-12-27,763.4,774.65,761.2,771.4,2597323
2016-12-23,764.55,766.5,757.99,760.59,1951924
2016-12-22,768.12,771.21,763.02,766.26,2240546
2016-12-21,770.0,771.22,765.7,770.6,2028230
2016-12-20,768.65,774.39,767.71,771.22,2628437
2016-12-19,758.89,770.5,756.16,766.0,3059870
2016-12-16,765.0,765.13,754.0,757.77,4332594
2016-12-15,766.28,769.1,760.31,761.0,3735683
2016-12-14,778.25,780.86,762.81,768.82,5232275
2016-12-13,764.96,782.46,762.0,774.34,5153557
2016-12-12,766.4,766.89,757.2,760.12,2919090
2016-12-09,770.0,770.25,765.34,768.66,2392523
2016-12-08,771.87,773.79,765.19,767.33,3131307
2016-12-07,764.55,770.42,755.82,770.42,3538744
2016-12-06,763.99,768.24,757.25,764.72,3710448
2016-12-05,745.0,761.49,742.0,759.36,4261910
2016-12-02,743.4,748.49,736.7,740.34,3423809
2016-12-01,752.41,753.37,738.03,743.65,4552169
2016-11-30,762.0,768.09,750.25,750.57,4466517
2016-11-29,768.0,769.89,761.32,762.52,3184937
2016-11-28,776.99,777.0,764.24,766.77,4249827
2016-11-25,786.5,786.75,777.9,780.37,1797740
2016-11-23,781.73,781.75,773.12,780.12,3470656
2016-11-22,788.17,792.4,781.0,785.33,5106920
2016-11-21,766.0,780.35,765.11,780.0,4560974
2016-11-18,761.0,767.74,757.644,760.16,4227993
2016-11-17,749.32,757.5,748.0,756.39,3503295
2016-11-16,739.88,749.87,735.61,746.49,3545800
2016-11-15,730.0,746.78,725.99,743.24,6755785
